FirstName,LastName,Title,Email,Phone,AccountId,OwnerId
Jennifer,Walsh,Claims Adjuster,j.walsh@libertymutual.com,(617) 357-9501,001g500000LGxrFAAT,005g5000006IYB3AAO
Robert,Fanning,Senior Account Manager,r.fanning@libertymutual.com,(617) 357-9502,001g500000LGxrFAAT,005g5000006IYB3AAO
Diana,Park,Workers Comp Specialist,d.park@metlife.com,(212) 578-2212,001g500000LGxrGAAT,005g5000006IYB3AAO
Thomas,Guerrero,Claims Manager,t.guerrero@metlife.com,(212) 578-2213,001g500000LGxrGAAT,005g5000006IYB3AAO
Patricia,Novak,Claims Adjuster,p.novak@travelers.com,(860) 277-0112,001g500000LGxrHAAT,005g5000006IYB3AAO
Kevin,Abrams,Senior Claims Representative,k.abrams@travelers.com,(860) 277-0113,001g500000LGxrHAAT,005g5000006IYB3AAO
Sandra,Erikson,Account Executive,s.erikson@zurich.com,(847) 605-6001,001g500000LGxrIAAT,005g5000006IYB3AAO
Michael,Torres,Claims Coordinator,m.torres@zurich.com,(847) 605-6002,001g500000LGxrIAAT,005g5000006IYB3AAO
Laura,Whitfield,Claims Analyst,l.whitfield@chubb.com,(215) 640-1001,001g500000LGxrJAAT,005g5000006IYB3AAO
David,Okafor,Workers Comp Manager,d.okafor@chubb.com,(215) 640-1002,001g500000LGxrJAAT,005g5000006IYB3AAO
