Employee,Claim,Employee Claim Number
a00g500000QNqjkAAD,a01g500000La9zxAAB,EC-000001
a00g500000QNqjmAAD,a01g500000LaA02AAF,EC-000002
a00g500000QNqjkAAD,a01g500000La9zyAAB,EC-000003
a00g500000QNqjyAAD,a01g500000LaA07AAF,EC-000004
a00g500000QNqk0AAD,a01g500000LaA08AAF,EC-000005
a00g500000QNqjtAAD,a01g500000LaA09AAF,EC-000006
a00g500000QNqjlAAD,a01g500000LaA00AAF,EC-000007
a00g500000QNqk1AAD,a01g500000LaA0AAAV,EC-000008
a00g500000QNqkLAAT,a01g500000LaA0BAAV,EC-000009
a00g500000QNqkKAAT,a01g500000LaA0CAAV,EC-000010
a00g500000QNqjkAAD,a01g500000La9zzAAB,EC-000011
a00g500000QNqkKAAT,a01g500000LaA0DAAV,EC-000012
a00g500000QNqkCAAT,a01g500000LaA0EAAV,EC-000013
a00g500000QNqjmAAD,a01g500000LaA03AAF,EC-000014
a00g500000QNqk1AAD,a01g500000LaA0FAAV,EC-000015
a00g500000QNqjnAAD,a01g500000LaA05AAF,EC-000016
a00g500000QNqjtAAD,a01g500000LaA0GAAV,EC-000017
a00g500000QNqk9AAD,a01g500000LaA0HAAV,EC-000018
a00g500000QNqjlAAD,a01g500000LaA01AAF,EC-000019
a00g500000QNqjqAAD,a01g500000LaA06AAF,EC-000020
a00g500000QNqkAAAT,a01g500000LaA0IAAV,EC-000021
a00g500000QNqkFAAT,a01g500000LaA0JAAV,EC-000022
a00g500000QNqjmAAD,a01g500000LaA04AAF,EC-000023
a00g500000QNqjsAAD,a01g500000LaA04AAF,EC-000024
a00g500000QNqkGAAT,a01g500000LaA0KAAV,EC-000025
a00g500000QNqkNAAT,a01g500000LaA0LAAV,EC-000026
a00g500000QNqkJAAT,a01g500000LaA0aAAF,EC-000027
a00g500000QNqkGAAT,a01g500000LaA0bAAF,EC-000028
a00g500000QNqjmAAD,a01g500000LaA0PAAV,EC-000029
a00g500000QNqjnAAD,a01g500000LaA0RAAV,EC-000030
a00g500000QNqjkAAD,a01g500000LaA0MAAV,EC-000031
a00g500000QNqk2AAD,a01g500000LaA0cAAF,EC-000032
a00g500000QNqjrAAD,a01g500000LaA0YAAV,EC-000033
a00g500000QNqjlAAD,a01g500000LaA0OAAV,EC-000034
a00g500000QNqk8AAD,a01g500000LaA0dAAF,EC-000035
a00g500000QNqjoAAD,a01g500000LaA0TAAV,EC-000036
a00g500000QNqkIAAT,a01g500000LaA0TAAV,EC-000037
a00g500000QNqjxAAD,a01g500000LaA0eAAF,EC-000038
a00g500000QNqjuAAD,a01g500000LaA0fAAF,EC-000039
a00g500000QNqjpAAD,a01g500000LaA0VAAV,EC-000040
a00g500000QNqjpAAD,a01g500000LaA0WAAV,EC-000041
a00g500000QNqk4AAD,a01g500000LaA0gAAF,EC-000042
a00g500000QNqkHAAT,a01g500000LaA0hAAF,EC-000043
a00g500000QNqjkAAD,a01g500000LaA0NAAV,EC-000044
a00g500000QNqjqAAD,a01g500000LaA0XAAV,EC-000045
a00g500000QNqkMAAT,a01g500000LaA0iAAF,EC-000046
a00g500000QNqjmAAD,a01g500000LaA0QAAV,EC-000047
a00g500000QNqk7AAD,a01g500000LaA0jAAF,EC-000048
a00g500000QNqjoAAD,a01g500000LaA0UAAV,EC-000049
a00g500000QNqjrAAD,a01g500000LaA0ZAAV,EC-000050
a00g500000QNqkJAAT,a01g500000LaA0kAAF,EC-000051
a00g500000QNqjnAAD,a01g500000LaA0SAAV,EC-000052
a00g500000QNqjlAAD,a01g500000LaA0lAAF,EC-000053
a00g500000QNqk5AAD,a01g500000LaA0yAAF,EC-000054
a00g500000QNqjkAAD,a01g500000LaA0nAAF,EC-000055
a00g500000QNqjxAAD,a01g500000LaA0zAAF,EC-000056
a00g500000QNqjpAAD,a01g500000LaA0uAAF,EC-000057
a00g500000QNqjuAAD,a01g500000LaA10AAF,EC-000058
a00g500000QNqkBAAT,a01g500000LaA11AAF,EC-000059
a00g500000QNqjmAAD,a01g500000LaA0pAAF,EC-000060
a00g500000QNqjqAAD,a01g500000LaA0wAAF,EC-000061
a00g500000QNqjnAAD,a01g500000LaA0rAAF,EC-000062
a00g500000QNqjsAAD,a01g500000LaA12AAF,EC-000063
a00g500000QNqk9AAD,a01g500000LaA13AAF,EC-000064
a00g500000QNqjkAAD,a01g500000LaA0oAAF,EC-000065
a00g500000QNqjpAAD,a01g500000LaA0vAAF,EC-000066
a00g500000QNqjzAAD,a01g500000LaA0vAAF,EC-000067
a00g500000QNqkDAAT,a01g500000LaA14AAF,EC-000068
a00g500000QNqjoAAD,a01g500000LaA0tAAF,EC-000069
a00g500000QNqjrAAD,a01g500000LaA0xAAF,EC-000070
a00g500000QNqjlAAD,a01g500000LaA0mAAF,EC-000071
a00g500000QNqk0AAD,a01g500000LaA15AAF,EC-000072
a00g500000QNqjmAAD,a01g500000LaA0qAAF,EC-000073
a00g500000QNqjnAAD,a01g500000LaA0sAAF,EC-000074
a00g500000QNqk2AAD,a01g500000LaA16AAF,EC-000075
a00g500000QNqk7AAD,a01g500000LaA17AAF,EC-000076
a00g500000QNqk4AAD,a01g500000LaA18AAF,EC-000077
a00g500000QNqk6AAD,a01g500000LaA19AAF,EC-000078
